FIPS,med_inc,Type,shops_per_1000
25005600100,79722,Dunkin Donuts,0
25005600100,79722,Starbucks,0
25005600202,70571,Dunkin Donuts,0
25005600202,70571,Starbucks,0
25005600203,121607,Dunkin Donuts,0
25005600203,121607,Starbucks,0.184535892231039
25005600204,114769,Dunkin Donuts,0.250062515628907
25005600204,114769,Starbucks,0
25005610100,72042,Dunkin Donuts,0.18491124260355
25005610100,72042,Starbucks,0
25005610202,126840,Dunkin Donuts,0.355492356914326
25005610202,126840,Starbucks,0
25005610203,103542,Dunkin Donuts,0.148809523809524
25005610203,103542,Starbucks,0
25005610204,101118,Dunkin Donuts,0
25005610204,101118,Starbucks,0
25005611101,89934,Dunkin Donuts,0
25005611101,89934,Starbucks,0
25005611102,90703,Dunkin Donuts,0
25005611102,90703,Starbucks,0
25005611201,82361,Dunkin Donuts,0.32488628979857
25005611201,82361,Starbucks,0
25005611202,70308,Dunkin Donuts,0.304785126485828
25005611202,70308,Starbucks,0
25005612100,94340,Dunkin Donuts,0.90702947845805
25005612100,94340,Starbucks,0.226757369614512
25005612200,75967,Dunkin Donuts,0.219611288020204
25005612200,75967,Starbucks,0
25005613100,49067,Dunkin Donuts,0.150330727600722
25005613100,49067,Starbucks,0
25005613300,77441,Dunkin Donuts,0.133564845732603
25005613300,77441,Starbucks,0
25005613400,71116,Dunkin Donuts,0.549450549450549
25005613400,71116,Starbucks,0
25005613600,36619,Dunkin Donuts,0.244678248103744
25005613600,36619,Starbucks,0
25005613700,42487,Dunkin Donuts,0.255623721881391
25005613700,42487,Starbucks,0
25005613800,29688,Dunkin Donuts,0.640888698995941
25005613800,29688,Starbucks,0
25005613901,40424,Dunkin Donuts,0
25005613901,40424,Starbucks,0
25005613902,63603,Dunkin Donuts,0
25005613902,63603,Starbucks,0
25005614e3,31969,Dunkin Donuts,0.223763705526964
25005614e3,31969,Starbucks,0
25005614101,58618,Dunkin Donuts,0.296779937676213
25005614101,58618,Starbucks,0.148389968838107
25005614102,85152,Dunkin Donuts,0.285551113649343
25005614102,85152,Starbucks,0
25005615100,85326,Dunkin Donuts,0.13941168269901
25005615100,85326,Starbucks,0
25005616100,84423,Dunkin Donuts,0.154035736290819
25005616100,84423,Starbucks,0
25005617101,87596,Dunkin Donuts,0.4
25005617101,87596,Starbucks,0
25005617102,87962,Dunkin Donuts,0.505433409148345
25005617102,87962,Starbucks,0
25005630101,60380,Dunkin Donuts,0.364298724954463
25005630101,60380,Starbucks,0
25005630102,54133,Dunkin Donuts,0
25005630102,54133,Starbucks,0
25005630200,113658,Dunkin Donuts,0
25005630200,113658,Starbucks,0
25005630300,84757,Dunkin Donuts,0
25005630300,84757,Starbucks,0
25005630400,72250,Dunkin Donuts,0.403307118370639
25005630400,72250,Starbucks,0.20165355918532
25005631100,61855,Dunkin Donuts,0.472869133467313
25005631100,61855,Starbucks,0
25005631200,75587,Dunkin Donuts,0.141462724572075
25005631200,75587,Starbucks,0
25005631300,71007,Dunkin Donuts,0.18037518037518
25005631300,71007,Starbucks,0
25005631400,32396,Dunkin Donuts,0
25005631400,32396,Starbucks,0
25005631500,56402,Dunkin Donuts,0.40453074433657
25005631500,56402,Starbucks,0
25005631600,47882,Dunkin Donuts,0.241021932995903
25005631600,47882,Starbucks,0
25005631700,78488,Dunkin Donuts,0.156568028808517
25005631700,78488,Starbucks,0
25005631800,63586,Dunkin Donuts,0
25005631800,63586,Starbucks,0
25005632100,85152,Dunkin Donuts,0.14808233377758
25005632100,85152,Starbucks,0
25005632200,68705,Dunkin Donuts,0.677690431011114
25005632200,68705,Starbucks,0
25005633100,78047,Dunkin Donuts,0.18925056775170301
25005633100,78047,Starbucks,0
25005633200,88956,Dunkin Donuts,0.154846701765252
25005633200,88956,Starbucks,0
25005640100,41057,Dunkin Donuts,0.66949341664807
25005640100,41057,Starbucks,0
25005640200,23275,Dunkin Donuts,0
25005640200,23275,Starbucks,0
25005640300,33715,Dunkin Donuts,0
25005640300,33715,Starbucks,0
25005640400,31941,Dunkin Donuts,0.353481795687522
25005640400,31941,Starbucks,0
25005640500,31375,Dunkin Donuts,0.217912399215515
25005640500,31375,Starbucks,0
25005640600,32676,Dunkin Donuts,0
25005640600,32676,Starbucks,0
25005640700,52525,Dunkin Donuts,0
25005640700,52525,Starbucks,0
25005640800,37940,Dunkin Donuts,0.77780658542909
25005640800,37940,Starbucks,0
25005640901,25247,Dunkin Donuts,0
25005640901,25247,Starbucks,0
25005641e3,18337,Dunkin Donuts,0
25005641e3,18337,Starbucks,0
25005641101,14540,Dunkin Donuts,0.932400932400932
25005641101,14540,Starbucks,0
25005641200,28362,Dunkin Donuts,0.893655049151028
25005641200,28362,Starbucks,0
25005641300,22547,Dunkin Donuts,0
25005641300,22547,Starbucks,0
25005641400,25347,Dunkin Donuts,0.413223140495868
25005641400,25347,Starbucks,0
25005641500,30368,Dunkin Donuts,0
25005641500,30368,Starbucks,0
25005641600,51220,Dunkin Donuts,0
25005641600,51220,Starbucks,0
25005641700,49375,Dunkin Donuts,0
25005641700,49375,Starbucks,0
25005641800,45560,Dunkin Donuts,0
25005641800,45560,Starbucks,0
25005641900,30069,Dunkin Donuts,0.483558994197292
25005641900,30069,Starbucks,0
25005642e3,29375,Dunkin Donuts,0.337040781934614
25005642e3,29375,Starbucks,0
25005642100,38906,Dunkin Donuts,0
25005642100,38906,Starbucks,0
25005642200,41171,Dunkin Donuts,0
25005642200,41171,Starbucks,0
25005642300,75083,Dunkin Donuts,0
25005642300,75083,Starbucks,0
25005642400,41958,Dunkin Donuts,0.315258511979823
25005642400,41958,Starbucks,0
25005642500,64130,Dunkin Donuts,0.661521499448732
25005642500,64130,Starbucks,0
25005644101,80536,Dunkin Donuts,0.165562913907285
25005644101,80536,Starbucks,0
25005644102,86442,Dunkin Donuts,0.198846689202625
25005644102,86442,Starbucks,0
25005644200,57790,Dunkin Donuts,0.417072153482552
25005644200,57790,Starbucks,0
25005645101,71553,Dunkin Donuts,0.22237046920169
25005645101,71553,Starbucks,0
25005645102,74826,Dunkin Donuts,0
25005645102,74826,Starbucks,0
25005645103,84113,Dunkin Donuts,0.677277345072807
25005645103,84113,Starbucks,0.169319336268202
25005646101,74904,Dunkin Donuts,0.13319126265317
25005646101,74904,Starbucks,0
25005646103,90417,Dunkin Donuts,0
25005646103,90417,Starbucks,0
25005646104,93750,Dunkin Donuts,0
25005646104,93750,Starbucks,0
25005650101,65944,Dunkin Donuts,0.167084377610693
25005650101,65944,Starbucks,0
25005650102,45735,Dunkin Donuts,0.209643605870021
25005650102,45735,Starbucks,0
25005650201,48138,Dunkin Donuts,0.318066157760814
25005650201,48138,Starbucks,0
25005650202,45128,Dunkin Donuts,0.45662100456621
25005650202,45128,Starbucks,0
25005650300,50034,Dunkin Donuts,0.291375291375291
25005650300,50034,Starbucks,0
25005650400,37832,Dunkin Donuts,0
25005650400,37832,Starbucks,0
25005650500,38497,Dunkin Donuts,0.326477309826967
25005650500,38497,Starbucks,0
25005650600,22688,Dunkin Donuts,0
25005650600,22688,Starbucks,0
25005650700,34844,Dunkin Donuts,0
25005650700,34844,Starbucks,0
25005650800,26492,Dunkin Donuts,0
25005650800,26492,Starbucks,0
25005650900,21775,Dunkin Donuts,0.347463516330785
25005650900,21775,Starbucks,0
25005651001,39750,Dunkin Donuts,0.335683115139308
25005651001,39750,Starbucks,0
25005651002,57632,Dunkin Donuts,0.816548720740337
25005651002,57632,Starbucks,0
25005651100,23477,Dunkin Donuts,0.241254523522316
25005651100,23477,Starbucks,0
25005651200,32765,Dunkin Donuts,0.420344682639765
25005651200,32765,Starbucks,0
25005651300,26989,Dunkin Donuts,0
25005651300,26989,Starbucks,0
25005651400,38970,Dunkin Donuts,0
25005651400,38970,Starbucks,0
25005651500,34902,Dunkin Donuts,0
25005651500,34902,Starbucks,0
25005651600,50709,Dunkin Donuts,0
25005651600,50709,Starbucks,0
25005651700,20845,Dunkin Donuts,0
25005651700,20845,Starbucks,0
25005651800,13750,Dunkin Donuts,1.17508813160987
25005651800,13750,Starbucks,0
25005651900,27772,Dunkin Donuts,0
25005651900,27772,Starbucks,0
25005652e3,33841,Dunkin Donuts,0
25005652e3,33841,Starbucks,0
25005652100,48636,Dunkin Donuts,0
25005652100,48636,Starbucks,0
25005652200,63897,Dunkin Donuts,0
25005652200,63897,Starbucks,0
25005652300,36159,Dunkin Donuts,0
25005652300,36159,Starbucks,0
25005652400,25313,Dunkin Donuts,0.411184210526316
25005652400,25313,Starbucks,0
25005652500,26623,Dunkin Donuts,0
25005652500,26623,Starbucks,0
25005652600,26802,Dunkin Donuts,0
25005652600,26802,Starbucks,0
25005652700,22704,Dunkin Donuts,0.284414106939704
25005652700,22704,Starbucks,0
25005652800,55200,Dunkin Donuts,0
25005652800,55200,Starbucks,0
25005653101,57270,Dunkin Donuts,0.800640512409928
25005653101,57270,Starbucks,0.160128102481986
25005653102,84630,Dunkin Donuts,0
25005653102,84630,Starbucks,0
25005653203,57337,Dunkin Donuts,0.189609404626469
25005653203,57337,Starbucks,0
25005653204,77917,Dunkin Donuts,0
25005653204,77917,Starbucks,0
25005653301,61538,Dunkin Donuts,0.192049164586134
25005653301,61538,Starbucks,0
25005653304,93934,Dunkin Donuts,0
25005653304,93934,Starbucks,0
25005654100,83393,Dunkin Donuts,0
25005654100,83393,Starbucks,0
25005654200,62135,Dunkin Donuts,0.599700149925038
25005654200,62135,Starbucks,0
25005655100,69942,Dunkin Donuts,0
25005655100,69942,Starbucks,0
25005655200,38958,Dunkin Donuts,0.215146299483649
25005655200,38958,Starbucks,0
25005655300,60153,Dunkin Donuts,0.301386377335744
25005655300,60153,Starbucks,0
25005655400,67588,Dunkin Donuts,0
25005655400,67588,Starbucks,0
25005985500,78319,Dunkin Donuts,0
25005985500,78319,Starbucks,0
25005985600,135976,Dunkin Donuts,0.53041018387553
25005985600,135976,Starbucks,0
25009201100,65083,Dunkin Donuts,0.289771080846132
25009201100,65083,Starbucks,0
25009202101,107353,Dunkin Donuts,0
25009202101,107353,Starbucks,0
25009202102,71447,Dunkin Donuts,0.17247326664367
25009202102,71447,Starbucks,0.17247326664367
25009202200,128095,Dunkin Donuts,0
25009202200,128095,Starbucks,0
25009203100,118482,Dunkin Donuts,0
25009203100,118482,Starbucks,0
25009203200,99848,Dunkin Donuts,0
25009203200,99848,Starbucks,0
25009203301,81520,Dunkin Donuts,0
25009203301,81520,Starbucks,0.236854571293226
25009203302,84583,Dunkin Donuts,0
25009203302,84583,Starbucks,0
25009204101,57443,Dunkin Donuts,0
25009204101,57443,Starbucks,0
25009204102,71698,Dunkin Donuts,0.198098256735341
25009204102,71698,Starbucks,0
25009204200,44222,Dunkin Donuts,0.193798449612403
25009204200,44222,Starbucks,0.193798449612403
25009204300,41659,Dunkin Donuts,0.258732212160414
25009204300,41659,Starbucks,0
25009204400,65000,Dunkin Donuts,0
25009204400,65000,Starbucks,0
25009204500,71556,Dunkin Donuts,0.332778702163062
25009204500,71556,Starbucks,0
25009204600,52292,Dunkin Donuts,0.418322526668061
25009204600,52292,Starbucks,0
25009204701,53325,Dunkin Donuts,0.155183116076971
25009204701,53325,Starbucks,0
25009204702,63333,Dunkin Donuts,0.352236703064459
25009204702,63333,Starbucks,0
25009205100,82353,Dunkin Donuts,0.195007800312012
25009205100,82353,Starbucks,0
25009205200,59441,Dunkin Donuts,0.359582883854729
25009205200,59441,Starbucks,0
25009205300,87159,Dunkin Donuts,0
25009205300,87159,Starbucks,0
25009205400,96905,Dunkin Donuts,0.2050020500205
25009205400,96905,Starbucks,0
25009205500,48772,Dunkin Donuts,0
25009205500,48772,Starbucks,0
25009205600,36830,Dunkin Donuts,0.256410256410256
25009205600,36830,Starbucks,0
25009205700,70143,Dunkin Donuts,0
25009205700,70143,Starbucks,0
25009205800,54132,Dunkin Donuts,0
25009205800,54132,Starbucks,0
25009205900,61310,Dunkin Donuts,0
25009205900,61310,Starbucks,0
25009206e3,35060,Dunkin Donuts,0
25009206e3,35060,Starbucks,0
25009206100,25298,Dunkin Donuts,0
25009206100,25298,Starbucks,0
25009206200,36934,Dunkin Donuts,0
25009206200,36934,Starbucks,0
25009206300,53462,Dunkin Donuts,0
25009206300,53462,Starbucks,0
25009206400,54171,Dunkin Donuts,0
25009206400,54171,Starbucks,0
25009206500,44938,Dunkin Donuts,0
25009206500,44938,Starbucks,0
25009206600,42542,Dunkin Donuts,0.241021932995903
25009206600,42542,Starbucks,0
25009206700,35493,Dunkin Donuts,0
25009206700,35493,Starbucks,0
25009206800,21038,Dunkin Donuts,0.296120817293456
25009206800,21038,Starbucks,0
25009206900,26589,Dunkin Donuts,0
25009206900,26589,Starbucks,0
25009207e3,19708,Dunkin Donuts,0.936768149882904
25009207e3,19708,Starbucks,0
25009207100,37284,Dunkin Donuts,0
25009207100,37284,Starbucks,0
25009207200,26092,Dunkin Donuts,0
25009207200,26092,Starbucks,0.34106412005457
25009208101,80357,Dunkin Donuts,0.192012288786482
25009208101,80357,Starbucks,0
25009208102,71538,Dunkin Donuts,0.286368843069874
25009208102,71538,Starbucks,0
25009208200,71231,Dunkin Donuts,0.189358076121947
25009208200,71231,Starbucks,0
25009208300,75547,Dunkin Donuts,0.137042620254899
25009208300,75547,Starbucks,0.137042620254899
25009208400,89000,Dunkin Donuts,0.820883270398949
25009208400,89000,Starbucks,0.16417665407979
25009209100,108867,Dunkin Donuts,0.159464200287036
25009209100,108867,Starbucks,0.159464200287036
25009209200,121127,Dunkin Donuts,0
25009209200,121127,Starbucks,0
25009210100,89914,Dunkin Donuts,0
25009210100,89914,Starbucks,0
25009210200,100298,Dunkin Donuts,0.374181478016838
25009210200,100298,Starbucks,0
25009210300,54012,Dunkin Donuts,0.364564345607
25009210300,54012,Starbucks,0.243042897071333
25009210400,71150,Dunkin Donuts,0
25009210400,71150,Starbucks,0
25009210500,82509,Dunkin Donuts,0.153397760392698
25009210500,82509,Starbucks,0
25009210600,57431,Dunkin Donuts,0
25009210600,57431,Starbucks,0
25009210700,48006,Dunkin Donuts,0
25009210700,48006,Starbucks,0
25009210800,33458,Dunkin Donuts,0
25009210800,33458,Starbucks,0
25009210900,59844,Dunkin Donuts,0
25009210900,59844,Starbucks,0
25009211100,65761,Dunkin Donuts,0.252397778899546
25009211100,65761,Starbucks,0
25009211200,67194,Dunkin Donuts,0.645161290322581
25009211200,67194,Starbucks,0
25009211300,93984,Dunkin Donuts,0
25009211300,93984,Starbucks,0
25009211401,76906,Dunkin Donuts,0.279798545047566
25009211401,76906,Starbucks,0
25009211402,79879,Dunkin Donuts,0.491320013101867
25009211402,79879,Starbucks,0
25009212100,105646,Dunkin Donuts,0.431359861964844
25009212100,105646,Starbucks,0
25009213100,127813,Dunkin Donuts,0
25009213100,127813,Starbucks,0
25009214100,121157,Dunkin Donuts,0.159083678014636
25009214100,121157,Starbucks,0
25009215101,119688,Dunkin Donuts,0.197005516154452
25009215101,119688,Starbucks,0
25009215102,100559,Dunkin Donuts,0
25009215102,100559,Starbucks,0
25009216100,116875,Dunkin Donuts,0
25009216100,116875,Starbucks,0
25009217100,90677,Dunkin Donuts,0.52096900234436
25009217100,90677,Starbucks,0.13024225058609
25009217201,69702,Dunkin Donuts,0
25009217201,69702,Starbucks,0
25009217202,95000,Dunkin Donuts,0
25009217202,95000,Starbucks,0.289519397799653
25009217300,55242,Dunkin Donuts,0.45766590389016
25009217300,55242,Starbucks,0
25009217400,53301,Dunkin Donuts,0.19047619047619
25009217400,53301,Starbucks,0
25009217500,71675,Dunkin Donuts,0
25009217500,71675,Starbucks,0
25009217600,92191,Dunkin Donuts,0.228258388495777
25009217600,92191,Starbucks,0
25009218100,89313,Dunkin Donuts,0.190585096245474
25009218100,89313,Starbucks,0
25009220101,75270,Dunkin Donuts,0
25009220101,75270,Starbucks,0
25009220102,60250,Dunkin Donuts,0.332005312084993
25009220102,60250,Starbucks,0
25009221100,86424,Dunkin Donuts,0
25009221100,86424,Starbucks,0
25009221300,67670,Dunkin Donuts,0.218197687104517
25009221300,67670,Starbucks,0
25009221400,50026,Dunkin Donuts,0
25009221400,50026,Starbucks,0
25009221500,35594,Dunkin Donuts,1.06913756236636
25009221500,35594,Starbucks,0
25009221600,44115,Dunkin Donuts,0
25009221600,44115,Starbucks,0
25009221700,44360,Dunkin Donuts,0.469483568075117
25009221700,44360,Starbucks,0
25009221800,79196,Dunkin Donuts,0
25009221800,79196,Starbucks,0
25009221901,84509,Dunkin Donuts,0.564971751412429
25009221901,84509,Starbucks,0
25009221902,69357,Dunkin Donuts,0.245037980887037
25009221902,69357,Starbucks,0
25009222100,89185,Dunkin Donuts,0.279329608938547
25009222100,89185,Starbucks,0
25009223100,64080,Dunkin Donuts,0
25009223100,64080,Starbucks,0
25009223200,59571,Dunkin Donuts,0.273897562311695
25009223200,59571,Starbucks,0
25009223300,101167,Dunkin Donuts,0
25009223300,101167,Starbucks,0
25009250100,17269,Dunkin Donuts,0.408496732026144
25009250100,17269,Starbucks,0
25009250200,58500,Dunkin Donuts,0
25009250200,58500,Starbucks,0
25009250300,39125,Dunkin Donuts,0.439753737906772
25009250300,39125,Starbucks,0
25009250400,20146,Dunkin Donuts,0
25009250400,20146,Starbucks,0
25009250500,34422,Dunkin Donuts,0
25009250500,34422,Starbucks,0
25009250600,53269,Dunkin Donuts,0
25009250600,53269,Starbucks,0
25009250700,33333,Dunkin Donuts,0
25009250700,33333,Starbucks,0
25009250800,34111,Dunkin Donuts,0.153256704980843
25009250800,34111,Starbucks,0
25009250900,23587,Dunkin Donuts,0
25009250900,23587,Starbucks,0
25009251e3,26696,Dunkin Donuts,0
25009251e3,26696,Starbucks,0
25009251100,17785,Dunkin Donuts,0
25009251100,17785,Starbucks,0
25009251200,19020,Dunkin Donuts,0
25009251200,19020,Starbucks,0
25009251300,26605,Dunkin Donuts,0
25009251300,26605,Starbucks,0
25009251400,33667,Dunkin Donuts,0
25009251400,33667,Starbucks,0
25009251500,34060,Dunkin Donuts,0.306795520785397
25009251500,34060,Starbucks,0
25009251600,29815,Dunkin Donuts,0.170648464163823
25009251600,29815,Starbucks,0
25009251700,42609,Dunkin Donuts,0.518672199170125
25009251700,42609,Starbucks,0
25009251800,67294,Dunkin Donuts,0
25009251800,67294,Starbucks,0
25009252101,62083,Dunkin Donuts,0.290528762347472
25009252101,62083,Starbucks,0
25009252102,109470,Dunkin Donuts,0.243605359317905
25009252102,109470,Starbucks,0
25009252201,76786,Dunkin Donuts,0
25009252201,76786,Starbucks,0
25009252202,93393,Dunkin Donuts,0
25009252202,93393,Starbucks,0
25009252300,41835,Dunkin Donuts,0.151080223598731
25009252300,41835,Starbucks,0
25009252400,40463,Dunkin Donuts,0.238265427686443
25009252400,40463,Starbucks,0
25009252501,70395,Dunkin Donuts,0.254777070063694
25009252501,70395,Starbucks,0
25009252502,63704,Dunkin Donuts,0.219298245614035
25009252502,63704,Starbucks,0.219298245614035
25009252601,71780,Dunkin Donuts,0.135648399348888
25009252601,71780,Starbucks,0
25009252602,96250,Dunkin Donuts,0.230096640589047
25009252602,96250,Starbucks,0.230096640589047
25009252603,79805,Dunkin Donuts,0
25009252603,79805,Starbucks,0
25009253100,69292,Dunkin Donuts,0.185219485089831
25009253100,69292,Starbucks,0
25009253201,71050,Dunkin Donuts,0.691802144586648
25009253201,71050,Starbucks,0
25009253202,72371,Dunkin Donuts,0.15220700152207
25009253202,72371,Starbucks,0.15220700152207
25009253203,144762,Dunkin Donuts,0.24090580582992
25009253203,144762,Starbucks,0
25009253204,148245,Dunkin Donuts,0.357845768473788
25009253204,148245,Starbucks,0
25009253205,149632,Dunkin Donuts,0
25009253205,149632,Starbucks,0
25009254100,90739,Dunkin Donuts,0.157828282828283
25009254100,90739,Starbucks,0
25009254200,68906,Dunkin Donuts,0.199720391451967
25009254200,68906,Starbucks,0.199720391451967
25009254301,163125,Dunkin Donuts,0
25009254301,163125,Starbucks,0
25009254302,146643,Dunkin Donuts,0
25009254302,146643,Starbucks,0
25009254401,126667,Dunkin Donuts,0.296208530805687
25009254401,126667,Starbucks,0
25009254402,144932,Dunkin Donuts,0.440205429200293
25009254402,144932,Starbucks,0
25009254403,163750,Dunkin Donuts,0
25009254403,163750,Starbucks,0
25009260100,33542,Dunkin Donuts,0.174581005586592
25009260100,33542,Starbucks,0
25009260200,36866,Dunkin Donuts,0
25009260200,36866,Starbucks,0
25009260301,76031,Dunkin Donuts,0.223964165733483
25009260301,76031,Starbucks,0
25009260302,93354,Dunkin Donuts,0.354107648725212
25009260302,93354,Starbucks,0
25009260401,78580,Dunkin Donuts,0.258397932816537
25009260401,78580,Starbucks,0.258397932816537
25009260402,90517,Dunkin Donuts,0
25009260402,90517,Starbucks,0.172980453208787
25009260500,82892,Dunkin Donuts,0.241896468311563
25009260500,82892,Starbucks,0
25009260600,49210,Dunkin Donuts,0
25009260600,49210,Starbucks,0
25009260700,56544,Dunkin Donuts,0
25009260700,56544,Starbucks,0
25009260800,35871,Dunkin Donuts,0
25009260800,35871,Starbucks,0
25009260900,53750,Dunkin Donuts,0.206440957886045
25009260900,53750,Starbucks,0
25009261e3,72222,Dunkin Donuts,0.527148128624143
25009261e3,72222,Starbucks,0
25009261101,83188,Dunkin Donuts,0
25009261101,83188,Starbucks,0
25009261102,67873,Dunkin Donuts,0
25009261102,67873,Starbucks,0
25009262100,80508,Dunkin Donuts,0.152998776009792
25009262100,80508,Starbucks,0
25009263100,122969,Dunkin Donuts,0
25009263100,122969,Starbucks,0
25009264100,92898,Dunkin Donuts,0
25009264100,92898,Starbucks,0
25009265101,100260,Dunkin Donuts,0
25009265101,100260,Starbucks,0
25009265102,112218,Dunkin Donuts,0.220458553791887
25009265102,112218,Starbucks,0
25009266100,90243,Dunkin Donuts,0
25009266100,90243,Starbucks,0
25009266200,77321,Dunkin Donuts,0
25009266200,77321,Starbucks,0
25009266300,66442,Dunkin Donuts,0.558035714285714
25009266300,66442,Starbucks,0
25009266400,70220,Dunkin Donuts,0
25009266400,70220,Starbucks,0
25009267101,74318,Dunkin Donuts,0
25009267101,74318,Starbucks,0
25009267102,78894,Dunkin Donuts,0.425441395447777
25009267102,78894,Starbucks,0
25009268100,127212,Dunkin Donuts,0
25009268100,127212,Starbucks,0
25009268200,79879,Dunkin Donuts,0.317863954227591
25009268200,79879,Starbucks,0
25009268300,56786,Dunkin Donuts,0.243724104313917
25009268300,56786,Starbucks,0.243724104313917
25009268400,90500,Dunkin Donuts,0.212901852246115
25009268400,90500,Starbucks,0
25009269100,95827,Dunkin Donuts,0
25009269100,95827,Starbucks,0
25009270100,85994,Dunkin Donuts,0.166805671392827
25009270100,85994,Starbucks,0
25017300100,83917,Dunkin Donuts,0
25017300100,83917,Starbucks,0
25017301101,74006,Dunkin Donuts,0
25017301101,74006,Starbucks,0
25017301102,96290,Dunkin Donuts,0.194476857253987
25017301102,96290,Starbucks,0
25017310100,34431,Dunkin Donuts,0.391926317852244
25017310100,34431,Starbucks,0
25017310200,57953,Dunkin Donuts,0.143905597927759
25017310200,57953,Starbucks,0
25017310300,45648,Dunkin Donuts,0.170532060027285
25017310300,45648,Starbucks,0
25017310400,34015,Dunkin Donuts,0
25017310400,34015,Starbucks,0
25017310500,51651,Dunkin Donuts,0.298151460942159
25017310500,51651,Starbucks,0.298151460942159
25017310601,66221,Dunkin Donuts,0
25017310601,66221,Starbucks,0
25017310602,50083,Dunkin Donuts,0.363372093023256
25017310602,50083,Starbucks,0
25017310700,37344,Dunkin Donuts,0
25017310700,37344,Starbucks,0.207813798836243
25017311100,42841,Dunkin Donuts,0.39984006397441
25017311100,42841,Starbucks,0
25017311200,43787,Dunkin Donuts,0
25017311200,43787,Starbucks,0
25017311300,49399,Dunkin Donuts,0
25017311300,49399,Starbucks,0
25017311400,47888,Dunkin Donuts,0.158378207158695
25017311400,47888,Starbucks,0
25017311500,61111,Dunkin Donuts,0
25017311500,61111,Starbucks,0
25017311600,71809,Dunkin Donuts,0.189465706707086
25017311600,71809,Starbucks,0
25017311700,53004,Dunkin Donuts,0.203832042397065
25017311700,53004,Starbucks,0
25017311800,37377,Dunkin Donuts,0
25017311800,37377,Starbucks,0
25017311900,25255,Dunkin Donuts,0.437445319335083
25017311900,25255,Starbucks,0
25017312e3,42426,Dunkin Donuts,0
25017312e3,42426,Starbucks,0
25017312100,46228,Dunkin Donuts,0
25017312100,46228,Starbucks,0
25017312200,64500,Dunkin Donuts,0.220458553791887
25017312200,64500,Starbucks,0.220458553791887
25017312300,57708,Dunkin Donuts,0.205676676264912
25017312300,57708,Starbucks,0
25017312400,37525,Dunkin Donuts,0
25017312400,37525,Starbucks,0
25017312501,69583,Dunkin Donuts,0
25017312501,69583,Starbucks,0
25017312502,71146,Dunkin Donuts,0
25017312502,71146,Starbucks,0
25017313101,109615,Dunkin Donuts,0.342172797262618
25017313101,109615,Starbucks,0
25017313102,85905,Dunkin Donuts,0.166057788110262
25017313102,85905,Starbucks,0
25017314101,74568,Dunkin Donuts,0.17223561832587
25017314101,74568,Starbucks,0
25017314102,73022,Dunkin Donuts,0
25017314102,73022,Starbucks,0
25017314200,71136,Dunkin Donuts,0.178762960314623
25017314200,71136,Starbucks,0
25017314301,79387,Dunkin Donuts,0.117536436295252
25017314301,79387,Starbucks,0
25017314302,127935,Dunkin Donuts,0
25017314302,127935,Starbucks,0
25017315100,101389,Dunkin Donuts,0.319131961065901
25017315100,101389,Starbucks,0
25017315200,87480,Dunkin Donuts,0.261574679571018
25017315200,87480,Starbucks,0
25017315401,66711,Dunkin Donuts,0
25017315401,66711,Starbucks,0
25017315402,108295,Dunkin Donuts,0.341646737273659
25017315402,108295,Starbucks,0
25017315403,99875,Dunkin Donuts,0
25017315403,99875,Starbucks,0
25017315500,80638,Dunkin Donuts,0.133351113481798
25017315500,80638,Starbucks,0
25017316101,93798,Dunkin Donuts,0
25017316101,93798,Starbucks,0
25017316102,96150,Dunkin Donuts,0
25017316102,96150,Starbucks,0
25017316201,101587,Dunkin Donuts,0
25017316201,101587,Starbucks,0
25017316202,112426,Dunkin Donuts,0.2255299954894
25017316202,112426,Starbucks,0
25017316300,74330,Dunkin Donuts,0.247127146917089
25017316300,74330,Starbucks,0
25017316400,88906,Dunkin Donuts,0.15617679212869
25017316400,88906,Starbucks,0
25017316500,99863,Dunkin Donuts,0.305483427524057
25017316500,99863,Starbucks,0.152741713762028
25017317101,90298,Dunkin Donuts,0.164446637066272
25017317101,90298,Starbucks,0
25017317102,89241,Dunkin Donuts,0
25017317102,89241,Starbucks,0
25017317103,128108,Dunkin Donuts,0
25017317103,128108,Starbucks,0
25017317201,116800,Dunkin Donuts,0
25017317201,116800,Starbucks,0
25017317202,119075,Dunkin Donuts,0
25017317202,119075,Starbucks,0
25017317203,86729,Dunkin Donuts,0.474270808631729
25017317203,86729,Starbucks,0
25017317301,77120,Dunkin Donuts,0
25017317301,77120,Starbucks,0.354233085370174
25017317302,69440,Dunkin Donuts,0.182982616651418
25017317302,69440,Starbucks,0
25017318100,115082,Dunkin Donuts,0.148257968865827
25017318100,115082,Starbucks,0
25017318200,107000,Dunkin Donuts,0.24919013207077
25017318200,107000,Starbucks,0
25017318300,148770,Dunkin Donuts,0
25017318300,148770,Starbucks,0
25017318400,149353,Dunkin Donuts,0.48828125
25017318400,149353,Starbucks,0.244140625
25017320102,129596,Dunkin Donuts,0
25017320102,129596,Starbucks,0.186254423542559
25017320103,114667,Dunkin Donuts,0
25017320103,114667,Starbucks,0
25017320104,131643,Dunkin Donuts,0.13401232913428
25017320104,131643,Starbucks,0.13401232913428
25017321100,79630,Dunkin Donuts,0.141984949595343
25017321100,79630,Starbucks,0
25017321200,64122,Dunkin Donuts,0.304599451720987
25017321200,64122,Starbucks,0
25017321300,55455,Dunkin Donuts,0
25017321300,55455,Starbucks,0
25017321400,94141,Dunkin Donuts,0
25017321400,94141,Starbucks,0.32916392363397
25017321500,84010,Dunkin Donuts,0
25017321500,84010,Starbucks,0
25017321600,66319,Dunkin Donuts,0
25017321600,66319,Starbucks,0
25017322100,108008,Dunkin Donuts,0
25017322100,108008,Starbucks,0
25017322200,72529,Dunkin Donuts,0
25017322200,72529,Starbucks,0
25017322300,63456,Dunkin Donuts,0
25017322300,63456,Starbucks,0
25017322400,77600,Dunkin Donuts,0
25017322400,77600,Starbucks,0
25017323100,131500,Dunkin Donuts,0.29235491887151
25017323100,131500,Starbucks,0
25017324101,104674,Dunkin Donuts,0.431685732786531
25017324101,104674,Starbucks,0
25017324102,116290,Dunkin Donuts,0.2210433244916
25017324102,116290,Starbucks,0.2210433244916
25017325100,67110,Dunkin Donuts,0.129600829445308
25017325100,67110,Starbucks,0
25017326101,106968,Dunkin Donuts,0.244857982370225
25017326101,106968,Starbucks,0
25017326102,118005,Dunkin Donuts,0.144654997830175
25017326102,118005,Starbucks,0
25017327101,79871,Dunkin Donuts,0
25017327101,79871,Starbucks,0
25017327102,73750,Dunkin Donuts,0.238777459407832
25017327102,73750,Starbucks,0
25017327103,85240,Dunkin Donuts,0
25017327103,85240,Starbucks,0
25017328100,116125,Dunkin Donuts,0.303122158229767
25017328100,116125,Starbucks,0
25017330100,138458,Dunkin Donuts,0.1232741617357
25017330100,138458,Starbucks,0
25017330200,96161,Dunkin Donuts,0.28022978842651
25017330200,96161,Starbucks,0.140114894213255
25017331101,92300,Dunkin Donuts,0.292997363023733
25017331101,92300,Starbucks,0.292997363023733
25017331102,91970,Dunkin Donuts,0.566411781365052
25017331102,91970,Starbucks,0
25017331200,104398,Dunkin Donuts,0.382043935052531
25017331200,104398,Starbucks,0.191021967526266
25017331300,115169,Dunkin Donuts,0
25017331300,115169,Starbucks,0
25017332100,118843,Dunkin Donuts,0.333778371161549
25017332100,118843,Starbucks,0
25017332200,85442,Dunkin Donuts,0.237840409085504
25017332200,85442,Starbucks,0
25017332300,95057,Dunkin Donuts,0.146886016451234
25017332300,95057,Starbucks,0.146886016451234
25017332400,99926,Dunkin Donuts,0.753579502637528
25017332400,99926,Starbucks,0.502386335091686
25017333100,82237,Dunkin Donuts,0.249469876512411
25017333100,82237,Starbucks,0
25017333200,67639,Dunkin Donuts,0
25017333200,67639,Starbucks,0
25017333300,77148,Dunkin Donuts,0.495785820525533
25017333300,77148,Starbucks,0
25017333400,80180,Dunkin Donuts,0.161498708010336
25017333400,80180,Starbucks,0
25017333501,84449,Dunkin Donuts,0.392310710082385
25017333501,84449,Starbucks,0.196155355041193
25017333502,56250,Dunkin Donuts,0
25017333502,56250,Starbucks,0
25017333600,81694,Dunkin Donuts,0.420050406048726
25017333600,81694,Starbucks,0.280033604032484
25017334100,105427,Dunkin Donuts,0.141282848262221
25017334100,105427,Starbucks,0.141282848262221
25017334200,102692,Dunkin Donuts,0.257532835436518
25017334200,102692,Starbucks,0
25017334300,114375,Dunkin Donuts,0
25017334300,114375,Starbucks,0
25017334400,85909,Dunkin Donuts,0.310752019888129
25017334400,85909,Starbucks,0.155376009944065
25017335100,86316,Dunkin Donuts,0.178731009830206
25017335100,86316,Starbucks,0
25017335200,86205,Dunkin Donuts,0
25017335200,86205,Starbucks,0
25017335301,73643,Dunkin Donuts,0.240038406144983
25017335301,73643,Starbucks,0
25017335302,78200,Dunkin Donuts,0.194212468440474
25017335302,78200,Starbucks,0
25017335400,93269,Dunkin Donuts,0
25017335400,93269,Starbucks,0
25017336100,80478,Dunkin Donuts,0.179275726066691
25017336100,80478,Starbucks,0
25017336200,123469,Dunkin Donuts,0
25017336200,123469,Starbucks,0
25017336300,94912,Dunkin Donuts,0
25017336300,94912,Starbucks,0.149902563333833
25017336401,66917,Dunkin Donuts,0
25017336401,66917,Starbucks,0
25017336402,76370,Dunkin Donuts,0
25017336402,76370,Starbucks,0
25017337101,84196,Dunkin Donuts,0
25017337101,84196,Starbucks,0
25017337102,94398,Dunkin Donuts,0.40908161178155
25017337102,94398,Starbucks,0
25017337201,56528,Dunkin Donuts,0.3269042170644
25017337201,56528,Starbucks,0
25017337202,69670,Dunkin Donuts,0.407166123778502
25017337202,69670,Starbucks,0
25017337300,85028,Dunkin Donuts,0.184026499815973
25017337300,85028,Starbucks,0
25017338100,160370,Dunkin Donuts,0
25017338100,160370,Starbucks,0
25017338200,89595,Dunkin Donuts,0.251130085384229
25017338200,89595,Starbucks,0
25017338300,123083,Dunkin Donuts,0
25017338300,123083,Starbucks,0
25017338400,174464,Dunkin Donuts,0
25017338400,174464,Starbucks,0
25017338500,168466,Dunkin Donuts,0.167000668002672
25017338500,168466,Starbucks,0.167000668002672
25017339100,59775,Dunkin Donuts,0.164826108455579
25017339100,59775,Starbucks,0
25017339200,99196,Dunkin Donuts,0
25017339200,99196,Starbucks,0
25017339300,74250,Dunkin Donuts,0.338868180277872
25017339300,74250,Starbucks,0
25017339400,63227,Dunkin Donuts,0
25017339400,63227,Starbucks,0
25017339500,75962,Dunkin Donuts,0.344827586206897
25017339500,75962,Starbucks,0.172413793103448
25017339600,81250,Dunkin Donuts,0
25017339600,81250,Starbucks,0
25017339700,62793,Dunkin Donuts,0
25017339700,62793,Starbucks,0
25017339801,83886,Dunkin Donuts,0.209951711106446
25017339801,83886,Starbucks,0.209951711106446
25017339802,61705,Dunkin Donuts,0.476077124494168
25017339802,61705,Starbucks,0
25017339900,62361,Dunkin Donuts,0.191277735271614
25017339900,62361,Starbucks,0
2501734e4,54700,Dunkin Donuts,0.378501135503407
2501734e4,54700,Starbucks,0
25017340100,98750,Dunkin Donuts,0
25017340100,98750,Starbucks,0
25017341101,82009,Dunkin Donuts,0
25017341101,82009,Starbucks,0
25017341102,47017,Dunkin Donuts,0
25017341102,47017,Starbucks,0
25017341200,53937,Dunkin Donuts,0
25017341200,53937,Starbucks,0
25017341300,42675,Dunkin Donuts,0.362450163102573
25017341300,42675,Starbucks,0
25017341400,57126,Dunkin Donuts,0.168463611859838
25017341400,57126,Starbucks,0
25017341500,59683,Dunkin Donuts,0
25017341500,59683,Starbucks,0
25017341600,53986,Dunkin Donuts,0
25017341600,53986,Starbucks,0
25017341700,66750,Dunkin Donuts,0
25017341700,66750,Starbucks,0
25017341800,36157,Dunkin Donuts,0.155908949173683
25017341800,36157,Starbucks,0
25017341901,56929,Dunkin Donuts,0.657894736842105
25017341901,56929,Starbucks,0
25017341902,66180,Dunkin Donuts,0.123823675086677
25017341902,66180,Starbucks,0
25017342101,49353,Dunkin Donuts,0
25017342101,49353,Starbucks,0
25017342102,32989,Dunkin Donuts,0.542740841248304
25017342102,32989,Starbucks,0
25017342201,52542,Dunkin Donuts,0
25017342201,52542,Starbucks,0
25017342202,55795,Dunkin Donuts,0
25017342202,55795,Starbucks,0
25017342300,65938,Dunkin Donuts,0
25017342300,65938,Starbucks,0
25017342400,46164,Dunkin Donuts,0.293987946494194
25017342400,46164,Starbucks,0.146993973247097
25017342500,45871,Dunkin Donuts,0
25017342500,45871,Starbucks,0
25017342600,48493,Dunkin Donuts,0
25017342600,48493,Starbucks,0
25017350103,76094,Dunkin Donuts,0.761614623000762
25017350103,76094,Starbucks,0.761614623000762
25017350104,40825,Dunkin Donuts,0.132837407013815
25017350104,40825,Starbucks,0
25017350200,68500,Dunkin Donuts,0.164419598816179
25017350200,68500,Starbucks,0
25017350300,76467,Dunkin Donuts,0.401284109149278
25017350300,76467,Starbucks,0
25017350400,84688,Dunkin Donuts,0
25017350400,84688,Starbucks,0
25017350500,92614,Dunkin Donuts,0.651041666666667
25017350500,92614,Starbucks,0
25017350600,85000,Dunkin Donuts,0
25017350600,85000,Starbucks,0
25017350700,58226,Dunkin Donuts,0.146177459435755
25017350700,58226,Starbucks,0.146177459435755
25017350800,94569,Dunkin Donuts,0
25017350800,94569,Starbucks,0
25017350900,105000,Dunkin Donuts,0.295770482105886
25017350900,105000,Starbucks,0.295770482105886
25017351e3,75526,Dunkin Donuts,0
25017351e3,75526,Starbucks,0.134535180949818
25017351100,74875,Dunkin Donuts,0.343583576705033
25017351100,74875,Starbucks,0
25017351203,76818,Dunkin Donuts,0
25017351203,76818,Starbucks,0
25017351204,64216,Dunkin Donuts,0
25017351204,64216,Starbucks,0
25017351300,57978,Dunkin Donuts,0
25017351300,57978,Starbucks,0
25017351403,53618,Dunkin Donuts,0
25017351403,53618,Starbucks,0
25017351404,50508,Dunkin Donuts,0
25017351404,50508,Starbucks,0
25017351500,49384,Dunkin Donuts,1.14591291061879
25017351500,49384,Starbucks,0.381970970206264
25017352101,65711,Dunkin Donuts,0
25017352101,65711,Starbucks,0
25017352102,102704,Dunkin Donuts,0.773993808049536
25017352102,102704,Starbucks,0.386996904024768
25017352200,35862,Dunkin Donuts,0
25017352200,35862,Starbucks,0
25017352300,83980,Dunkin Donuts,0
25017352300,83980,Starbucks,0
25017352400,36842,Dunkin Donuts,1.001001001001
25017352400,36842,Starbucks,1.001001001001
25017352500,87852,Dunkin Donuts,0
25017352500,87852,Starbucks,0
25017352600,59676,Dunkin Donuts,0
25017352600,59676,Starbucks,0
25017352700,40750,Dunkin Donuts,0.442282176028306
25017352700,40750,Starbucks,0
25017352800,100125,Dunkin Donuts,0
25017352800,100125,Starbucks,0
25017352900,79844,Dunkin Donuts,0
25017352900,79844,Starbucks,0
25017353e3,56742,Dunkin Donuts,0.287521564117309
25017353e3,56742,Starbucks,0.287521564117309
25017353101,70549,Dunkin Donuts,0
25017353101,70549,Starbucks,0
25017353102,77935,Dunkin Donuts,0.212224108658744
25017353102,77935,Starbucks,0.212224108658744
25017353200,71125,Dunkin Donuts,0
25017353200,71125,Starbucks,0
25017353300,89837,Dunkin Donuts,0
25017353300,89837,Starbucks,0.301932367149758
25017353400,70833,Dunkin Donuts,0.328083989501312
25017353400,70833,Starbucks,0.328083989501312
25017353500,91801,Dunkin Donuts,0
25017353500,91801,Starbucks,0
25017353600,89167,Dunkin Donuts,0
25017353600,89167,Starbucks,0.204290091930541
25017353700,51955,Dunkin Donuts,0.356379187455453
25017353700,51955,Starbucks,0.534568781183179
25017353800,69727,Dunkin Donuts,0.211685012701101
25017353800,69727,Starbucks,0
25017353900,49915,Dunkin Donuts,0
25017353900,49915,Starbucks,0
25017354e3,69858,Dunkin Donuts,0
25017354e3,69858,Starbucks,0.493461633358006
25017354100,115000,Dunkin Donuts,0.376506024096386
25017354100,115000,Starbucks,0.376506024096386
25017354200,153125,Dunkin Donuts,0
25017354200,153125,Starbucks,0
25017354300,63940,Dunkin Donuts,0
25017354300,63940,Starbucks,0.275785990071704
25017354400,111033,Dunkin Donuts,0
25017354400,111033,Starbucks,0
25017354500,83458,Dunkin Donuts,0
25017354500,83458,Starbucks,0
25017354600,82655,Dunkin Donuts,0.393855848759354
25017354600,82655,Starbucks,0.196927924379677
25017354700,111094,Dunkin Donuts,0.39032006245121
25017354700,111094,Starbucks,0
25017354800,106250,Dunkin Donuts,0
25017354800,106250,Starbucks,0
25017354900,43375,Dunkin Donuts,0.168435236651508
25017354900,43375,Starbucks,0
25017355e3,76742,Dunkin Donuts,0.342231348391513
25017355e3,76742,Starbucks,0.342231348391513
25017356100,116094,Dunkin Donuts,0
25017356100,116094,Starbucks,0
25017356300,70132,Dunkin Donuts,0.199044585987261
25017356300,70132,Starbucks,0.199044585987261
25017356400,113381,Dunkin Donuts,0.142369020501139
25017356400,113381,Starbucks,0
25017356500,98961,Dunkin Donuts,0
25017356500,98961,Starbucks,0.141823854772373
25017356601,84291,Dunkin Donuts,0
25017356601,84291,Starbucks,0
25017356602,110816,Dunkin Donuts,0.237812128418549
25017356602,110816,Starbucks,0
25017356701,79825,Dunkin Donuts,0.157977883096367
25017356701,79825,Starbucks,0
25017356702,89315,Dunkin Donuts,0
25017356702,89315,Starbucks,0
25017357100,104306,Dunkin Donuts,0
25017357100,104306,Starbucks,0.224921277552857
25017357200,162786,Dunkin Donuts,0
25017357200,162786,Starbucks,0
25017357300,101719,Dunkin Donuts,0
25017357300,101719,Starbucks,0
25017357400,118920,Dunkin Donuts,0
25017357400,118920,Starbucks,0
25017357500,90238,Dunkin Donuts,0
25017357500,90238,Starbucks,0.421407501053519
25017357600,69098,Dunkin Donuts,0
25017357600,69098,Starbucks,0
25017357700,78490,Dunkin Donuts,0.54421768707483
25017357700,78490,Starbucks,0
25017357800,141071,Dunkin Donuts,0
25017357800,141071,Starbucks,0
25017358100,147298,Dunkin Donuts,0.196463654223969
25017358100,147298,Starbucks,0
25017358300,137692,Dunkin Donuts,0.17286084701815
25017358300,137692,Starbucks,0
25017358400,121336,Dunkin Donuts,0.789265982636148
25017358400,121336,Starbucks,0.394632991318074
25017358500,132829,Dunkin Donuts,0.190294957183635
25017358500,132829,Starbucks,0
25017358600,136637,Dunkin Donuts,0
25017358600,136637,Starbucks,0.165289256198347
25017358700,150664,Dunkin Donuts,0
25017358700,150664,Starbucks,0
25017359100,102356,Dunkin Donuts,0.150966183574879
25017359100,102356,Starbucks,0.150966183574879
25017359300,129500,Dunkin Donuts,0.139586823003908
25017359300,129500,Starbucks,0
25017360100,79063,Dunkin Donuts,0.551267916207277
25017360100,79063,Starbucks,0
25017360200,143897,Dunkin Donuts,0
25017360200,143897,Starbucks,0
25017361100,130060,Dunkin Donuts,0.338409475465313
25017361100,130060,Starbucks,0.169204737732657
25017361200,118015,Dunkin Donuts,0.143020594965675
25017361200,118015,Starbucks,0
25017361300,158203,Dunkin Donuts,0.16857720836143
25017361300,158203,Starbucks,0
25017362100,157500,Dunkin Donuts,0
25017362100,157500,Starbucks,0
25017363102,96450,Dunkin Donuts,0.3385240352065
25017363102,96450,Starbucks,0
25017363103,126546,Dunkin Donuts,0
25017363103,126546,Starbucks,0
25017363104,131774,Dunkin Donuts,0.321130378933847
25017363104,131774,Starbucks,0.160565189466924
25017363201,146389,Dunkin Donuts,0
25017363201,146389,Starbucks,0
25017363202,130134,Dunkin Donuts,0.273074822501365
25017363202,130134,Starbucks,0
25017364101,77188,Dunkin Donuts,0
25017364101,77188,Starbucks,0
25017364102,79688,Dunkin Donuts,0.197083169097359
25017364102,79688,Starbucks,0
25017365100,177107,Dunkin Donuts,0
25017365100,177107,Starbucks,0
25017365201,165500,Dunkin Donuts,0.171909919202338
25017365201,165500,Starbucks,0
25017365202,146250,Dunkin Donuts,0
25017365202,146250,Starbucks,0.220701831825204
25017366100,104375,Dunkin Donuts,0.215470803706098
25017366100,104375,Starbucks,0.215470803706098
25017366201,200278,Dunkin Donuts,0
25017366201,200278,Starbucks,0
25017366202,155885,Dunkin Donuts,0
25017366202,155885,Starbucks,0
25017367100,180972,Dunkin Donuts,0
25017367100,180972,Starbucks,0
25017367200,226181,Dunkin Donuts,0.13014055179594
25017367200,226181,Starbucks,0
25017368101,85840,Dunkin Donuts,0.173130193905817
25017368101,85840,Starbucks,0
25017368102,102292,Dunkin Donuts,0
25017368102,102292,Starbucks,0
25017368200,93333,Dunkin Donuts,0.234852043212776
25017368200,93333,Starbucks,0.234852043212776
25017368300,60056,Dunkin Donuts,0.360620266858997
25017368300,60056,Starbucks,0
25017368400,73482,Dunkin Donuts,0
25017368400,73482,Starbucks,0
25017368500,55385,Dunkin Donuts,0.353356890459364
25017368500,55385,Starbucks,0
25017368600,70379,Dunkin Donuts,0
25017368600,70379,Starbucks,0
25017368700,54667,Dunkin Donuts,0
25017368700,54667,Starbucks,0
25017368800,59545,Dunkin Donuts,0.213447171824973
25017368800,59545,Starbucks,0
25017368901,82798,Dunkin Donuts,0.134462821029985
25017368901,82798,Starbucks,0
25017368902,51364,Dunkin Donuts,0
25017368902,51364,Starbucks,0
25017369e3,76250,Dunkin Donuts,0
25017369e3,76250,Starbucks,0.597371565113501
25017369100,95320,Dunkin Donuts,0.205803663305207
25017369100,95320,Starbucks,0
25017370101,91042,Dunkin Donuts,0
25017370101,91042,Starbucks,0
25017370102,81307,Dunkin Donuts,0.136407038603192
25017370102,81307,Starbucks,0
25017370201,102538,Dunkin Donuts,0
25017370201,102538,Starbucks,0
25017370202,95000,Dunkin Donuts,0
25017370202,95000,Starbucks,0
25017370300,74021,Dunkin Donuts,0.190367409099562
25017370300,74021,Starbucks,0.380734818199124
25017370400,87423,Dunkin Donuts,0.188679245283019
25017370400,87423,Starbucks,0.188679245283019
25017373100,76821,Dunkin Donuts,0.212314225053079
25017373100,76821,Starbucks,0.212314225053079
25017373200,78023,Dunkin Donuts,0.448430493273543
25017373200,78023,Starbucks,0
25017373300,89063,Dunkin Donuts,0.372300819061802
25017373300,89063,Starbucks,0
25017373400,89267,Dunkin Donuts,0
25017373400,89267,Starbucks,0.290107339715695
25017373500,166375,Dunkin Donuts,0
25017373500,166375,Starbucks,0
25017373600,176042,Dunkin Donuts,0.147383935151069
25017373600,176042,Starbucks,0
25017373700,167305,Dunkin Donuts,0
25017373700,167305,Starbucks,0.271296798697775
25017373800,98646,Dunkin Donuts,0
25017373800,98646,Starbucks,0.182915675873422
25017373900,175370,Dunkin Donuts,0
25017373900,175370,Starbucks,0.147732309055991
25017374e3,116489,Dunkin Donuts,0
25017374e3,116489,Starbucks,0.189969604863222
25017374100,85906,Dunkin Donuts,0.443262411347518
25017374100,85906,Starbucks,0.221631205673759
25017374200,150806,Dunkin Donuts,0.22883295194508
25017374200,150806,Starbucks,0
25017374300,184625,Dunkin Donuts,0
25017374300,184625,Starbucks,0.569638279692395
25017374400,203380,Dunkin Donuts,0
25017374400,203380,Starbucks,0
25017374500,128523,Dunkin Donuts,0
25017374500,128523,Starbucks,0
25017374600,107672,Dunkin Donuts,0
25017374600,107672,Starbucks,0
25017374700,105990,Dunkin Donuts,0
25017374700,105990,Starbucks,0
25017374800,123472,Dunkin Donuts,0
25017374800,123472,Starbucks,0
25017382100,107571,Dunkin Donuts,0.204206657137023
25017382100,107571,Starbucks,0.204206657137023
25017382200,107359,Dunkin Donuts,0.188182160331201
25017382200,107359,Starbucks,0
25017382300,114396,Dunkin Donuts,0
25017382300,114396,Starbucks,0
25017382400,73750,Dunkin Donuts,0
25017382400,73750,Starbucks,0
25017382500,82535,Dunkin Donuts,0.435540069686411
25017382500,82535,Starbucks,0
25017382601,69801,Dunkin Donuts,0
25017382601,69801,Starbucks,0
25017382602,102434,Dunkin Donuts,0.225631768953069
25017382602,102434,Starbucks,0.451263537906137
25017383101,31250,Dunkin Donuts,0
25017383101,31250,Starbucks,0
25017383102,31580,Dunkin Donuts,0
25017383102,31580,Starbucks,0
25017383200,61092,Dunkin Donuts,0
25017383200,61092,Starbucks,0
25017383300,52930,Dunkin Donuts,0.328299409061064
25017383300,52930,Starbucks,0
25017383400,50738,Dunkin Donuts,0.18308311973636
25017383400,50738,Starbucks,0
25017383501,46058,Dunkin Donuts,0
25017383501,46058,Starbucks,0
25017383502,73919,Dunkin Donuts,0.246426811237063
25017383502,73919,Starbucks,0.246426811237063
25017383600,71275,Dunkin Donuts,0.48480930833872
25017383600,71275,Starbucks,0.646412411118294
25017383700,74741,Dunkin Donuts,0
25017383700,74741,Starbucks,0
25017383800,84688,Dunkin Donuts,0
25017383800,84688,Starbucks,0
25017383901,90801,Dunkin Donuts,0
25017383901,90801,Starbucks,0
25017383902,126272,Dunkin Donuts,0.186671644577189
25017383902,126272,Starbucks,0
25017384001,110152,Dunkin Donuts,0
25017384001,110152,Starbucks,0
25017384002,79336,Dunkin Donuts,0.164500740253331
25017384002,79336,Starbucks,0
25017385100,107607,Dunkin Donuts,0.154440154440154
25017385100,107607,Starbucks,0
25017385201,56287,Dunkin Donuts,0
25017385201,56287,Starbucks,0
25017385202,113818,Dunkin Donuts,0.123992560446373
25017385202,113818,Starbucks,0
25017386100,155564,Dunkin Donuts,0
25017386100,155564,Starbucks,0
25017387100,106394,Dunkin Donuts,0
25017387100,106394,Starbucks,0
25017387201,95357,Dunkin Donuts,0.174034110685694
25017387201,95357,Starbucks,0
25017387202,119964,Dunkin Donuts,0
25017387202,119964,Starbucks,0
25017388100,103996,Dunkin Donuts,0.196001568012544
25017388100,103996,Starbucks,0
25017388200,66453,Dunkin Donuts,0.135062128579146
25017388200,66453,Starbucks,0
25017388300,15848,Dunkin Donuts,0
25017388300,15848,Starbucks,0
25021400100,62303,Dunkin Donuts,0
25021400100,62303,Starbucks,0.205212394828648
25021400200,67762,Dunkin Donuts,0.179565451607111
25021400200,67762,Starbucks,0
25021400300,115671,Dunkin Donuts,0
25021400300,115671,Starbucks,0
25021400400,65859,Dunkin Donuts,0
25021400400,65859,Starbucks,0
25021400500,88860,Dunkin Donuts,0
25021400500,88860,Starbucks,0.192864030858245
25021400600,100806,Dunkin Donuts,0
25021400600,100806,Starbucks,0
25021400700,137688,Dunkin Donuts,0.589622641509434
25021400700,137688,Starbucks,0
25021400800,92321,Dunkin Donuts,0
25021400800,92321,Starbucks,0
25021400900,61763,Dunkin Donuts,0
25021400900,61763,Starbucks,0.24390243902439
25021401e3,72115,Dunkin Donuts,0.319386777387416
25021401e3,72115,Starbucks,0
25021401100,163125,Dunkin Donuts,0
25021401100,163125,Starbucks,0.211909302818394
25021401200,125685,Dunkin Donuts,0
25021401200,125685,Starbucks,0.136017410228509
25021402101,70057,Dunkin Donuts,0.268889486421081
25021402101,70057,Starbucks,0.268889486421081
25021402102,67390,Dunkin Donuts,0.249563264287497
25021402102,67390,Starbucks,0
25021402200,77500,Dunkin Donuts,0
25021402200,77500,Starbucks,0
25021402300,101087,Dunkin Donuts,0
25021402300,101087,Starbucks,0
25021402400,89853,Dunkin Donuts,0.158654608916389
25021402400,89853,Starbucks,0
25021402500,109695,Dunkin Donuts,0.218579234972678
25021402500,109695,Starbucks,0
25021403100,155987,Dunkin Donuts,0.148170099273967
25021403100,155987,Starbucks,0
25021403300,160726,Dunkin Donuts,0.240442414041837
25021403300,160726,Starbucks,0
25021403400,120000,Dunkin Donuts,0
25021403400,120000,Starbucks,0
25021403500,105000,Dunkin Donuts,0
25021403500,105000,Starbucks,0.163265306122449
25021404100,151005,Dunkin Donuts,0.478812544888676
25021404100,151005,Starbucks,0
25021404201,185625,Dunkin Donuts,0
25021404201,185625,Starbucks,0
25021404202,175625,Dunkin Donuts,0
25021404202,175625,Starbucks,0.199481348493916
25021404301,184375,Dunkin Donuts,0.185150897981855
25021404301,184375,Starbucks,0
25021404302,127174,Dunkin Donuts,0.557568999163647
25021404302,127174,Starbucks,0.278784499581823
25021404400,137837,Dunkin Donuts,0.145623998835008
25021404400,137837,Starbucks,0.291247997670016
25021405100,176250,Dunkin Donuts,0
25021405100,176250,Starbucks,0
25021406101,130870,Dunkin Donuts,0.177462289263531
25021406101,130870,Starbucks,0.177462289263531
25021406102,147440,Dunkin Donuts,0.151492198151795
25021406102,147440,Starbucks,0
25021407100,96773,Dunkin Donuts,0.124890720619458
25021407100,96773,Starbucks,0
25021408101,112281,Dunkin Donuts,0
25021408101,112281,Starbucks,0.1230012300123
25021408102,100000,Dunkin Donuts,0.206825232678387
25021408102,100000,Starbucks,0
25021409101,141591,Dunkin Donuts,0.311720698254364
25021409101,141591,Starbucks,0
25021409102,144292,Dunkin Donuts,0
25021409102,144292,Starbucks,0
25021410100,89022,Dunkin Donuts,0.69072699015714
25021410100,89022,Starbucks,0
25021410300,103887,Dunkin Donuts,0
25021410300,103887,Starbucks,0
25021410400,85523,Dunkin Donuts,0.150511739915713
25021410400,85523,Starbucks,0
25021411100,93040,Dunkin Donuts,0
25021411100,93040,Starbucks,0.123228589032656
25021411200,86125,Dunkin Donuts,0.42170368287883
25021411200,86125,Starbucks,0
25021411301,88846,Dunkin Donuts,0
25021411301,88846,Starbucks,0
25021411302,94830,Dunkin Donuts,0.251698968034231
25021411302,94830,Starbucks,0
25021412100,123974,Dunkin Donuts,0.158604282315623
25021412100,123974,Starbucks,0.158604282315623
25021412200,139531,Dunkin Donuts,0
25021412200,139531,Starbucks,0
25021412300,133625,Dunkin Donuts,0.60156406657309
25021412300,133625,Starbucks,0.200521355524363
25021413100,75221,Dunkin Donuts,0.166666666666667
25021413100,75221,Starbucks,0.166666666666667
25021413200,65139,Dunkin Donuts,0.167084377610693
25021413200,65139,Starbucks,0
25021413300,99688,Dunkin Donuts,0
25021413300,99688,Starbucks,0
25021413401,61892,Dunkin Donuts,0.334672021419009
25021413401,61892,Starbucks,0
25021413402,99539,Dunkin Donuts,0.223763705526964
25021413402,99539,Starbucks,0
25021413500,80427,Dunkin Donuts,0.231267345050879
25021413500,80427,Starbucks,0
25021414100,128980,Dunkin Donuts,0.18772292096865
25021414100,128980,Starbucks,0
25021414200,155957,Dunkin Donuts,0
25021414200,155957,Starbucks,0
25021414300,100528,Dunkin Donuts,0
25021414300,100528,Starbucks,0
25021415101,97143,Dunkin Donuts,0
25021415101,97143,Starbucks,0
25021415102,70698,Dunkin Donuts,0.124146492861577
25021415102,70698,Starbucks,0.124146492861577
25021415200,81810,Dunkin Donuts,0.178571428571429
25021415200,81810,Starbucks,0
25021415300,118125,Dunkin Donuts,0.551876379690949
25021415300,118125,Starbucks,0
25021416101,126481,Dunkin Donuts,0
25021416101,126481,Starbucks,0
25021416102,97500,Dunkin Donuts,0
25021416102,97500,Starbucks,0
25021416200,105236,Dunkin Donuts,0
25021416200,105236,Starbucks,0
25021416300,108333,Dunkin Donuts,0
25021416300,108333,Starbucks,0
25021416400,122130,Dunkin Donuts,0.160410651267244
25021416400,122130,Starbucks,0.160410651267244
25021417100,83553,Dunkin Donuts,0
25021417100,83553,Starbucks,0
25021417200,60589,Dunkin Donuts,0.371793282934688
25021417200,60589,Starbucks,0
25021417300,85661,Dunkin Donuts,0.344589937973811
25021417300,85661,Starbucks,0
25021417400,93400,Dunkin Donuts,0.43308791684712
25021417400,93400,Starbucks,0
25021417501,71589,Dunkin Donuts,0
25021417501,71589,Starbucks,0
25021417502,65375,Dunkin Donuts,0
25021417502,65375,Starbucks,0
25021417601,63005,Dunkin Donuts,0
25021417601,63005,Starbucks,0
25021417602,53750,Dunkin Donuts,0.199123855037834
25021417602,53750,Starbucks,0
25021417701,51732,Dunkin Donuts,0.923020121838656
25021417701,51732,Starbucks,0.184604024367731
25021417702,77667,Dunkin Donuts,0
25021417702,77667,Starbucks,0
25021417801,76213,Dunkin Donuts,0.208159866777685
25021417801,76213,Starbucks,0
25021417802,23288,Dunkin Donuts,0
25021417802,23288,Starbucks,0
25021417901,42593,Dunkin Donuts,0.155448468832582
25021417901,42593,Starbucks,0
25021417902,55968,Dunkin Donuts,0
25021417902,55968,Starbucks,0
25021418002,71142,Dunkin Donuts,0.298240381747689
25021418002,71142,Starbucks,0.149120190873844
25021418003,80100,Dunkin Donuts,0
25021418003,80100,Starbucks,0
25021418004,53775,Dunkin Donuts,0.458085203847916
25021418004,53775,Starbucks,0
25021418101,63778,Dunkin Donuts,0.204876049989756
25021418101,63778,Starbucks,0
25021418102,61146,Dunkin Donuts,0
25021418102,61146,Starbucks,0
25021418200,75893,Dunkin Donuts,0.1478633742422
25021418200,75893,Starbucks,0
25021419100,94826,Dunkin Donuts,0.535809966065369
25021419100,94826,Starbucks,0.357206644043579
25021419200,87167,Dunkin Donuts,0
25021419200,87167,Starbucks,0
25021419300,61339,Dunkin Donuts,0.253936008125952
25021419300,61339,Starbucks,0
25021419400,81534,Dunkin Donuts,0.290275761973875
25021419400,81534,Starbucks,0
25021419500,100703,Dunkin Donuts,0
25021419500,100703,Starbucks,0
25021419600,92560,Dunkin Donuts,0
25021419600,92560,Starbucks,0
25021419700,80000,Dunkin Donuts,0.271444082519001
25021419700,80000,Starbucks,0
25021419800,93284,Dunkin Donuts,0.68870523415978
25021419800,93284,Starbucks,0
25021420100,63119,Dunkin Donuts,0.249781441238916
25021420100,63119,Starbucks,0
25021420201,50231,Dunkin Donuts,0
25021420201,50231,Starbucks,0
25021420202,70431,Dunkin Donuts,0
25021420202,70431,Starbucks,0
25021420301,57151,Dunkin Donuts,0.152439024390244
25021420301,57151,Starbucks,0
25021420302,62976,Dunkin Donuts,0
25021420302,62976,Starbucks,0
25021421100,53359,Dunkin Donuts,0
25021421100,53359,Starbucks,0
25021421200,79041,Dunkin Donuts,0.358937544867193
25021421200,79041,Starbucks,0
25021422100,87475,Dunkin Donuts,0
25021422100,87475,Starbucks,0
25021422200,69498,Dunkin Donuts,0
25021422200,69498,Starbucks,0.141222991102952
25021422301,95365,Dunkin Donuts,0
25021422301,95365,Starbucks,0
25021422302,69624,Dunkin Donuts,0
25021422302,69624,Starbucks,0
25021422400,64167,Dunkin Donuts,0.39714058776807
25021422400,64167,Starbucks,0
25021422501,62234,Dunkin Donuts,0
25021422501,62234,Starbucks,0
25021422502,49068,Dunkin Donuts,0
25021422502,49068,Starbucks,0
25021422600,76875,Dunkin Donuts,0.143698807299899
25021422600,76875,Starbucks,0
25021422700,67796,Dunkin Donuts,0.282805429864253
25021422700,67796,Starbucks,0
25021422800,66943,Dunkin Donuts,0.254129606099111
25021422800,66943,Starbucks,0
25021423100,117679,Dunkin Donuts,0.246913580246914
25021423100,117679,Starbucks,0.123456790123457
25021440100,78516,Dunkin Donuts,0.349609602610418
25021440100,78516,Starbucks,0.116536534203473
25021441202,121250,Dunkin Donuts,0.347342827370615
25021441202,121250,Starbucks,0
25021441203,87563,Dunkin Donuts,0
25021441203,87563,Starbucks,0
25021441204,87037,Dunkin Donuts,0.223763705526964
25021441204,87037,Starbucks,0
25021442101,90606,Dunkin Donuts,0
25021442101,90606,Starbucks,0.173280194073817
25021442102,109815,Dunkin Donuts,0.141462724572075
25021442102,109815,Starbucks,0.141462724572075
25021442103,125737,Dunkin Donuts,0
25021442103,125737,Starbucks,0
25021442201,124896,Dunkin Donuts,0
25021442201,124896,Starbucks,0
25021442202,80214,Dunkin Donuts,0.239377618192699
25021442202,80214,Starbucks,0
25021443101,86576,Dunkin Donuts,0.129332643559234
25021443101,86576,Starbucks,0
25021443102,88198,Dunkin Donuts,0.226449275362319
25021443102,88198,Starbucks,0
25021456101,106786,Dunkin Donuts,0
25021456101,106786,Starbucks,0
25021456102,63487,Dunkin Donuts,0
25021456102,63487,Starbucks,0
25021456200,84408,Dunkin Donuts,0.906618313689937
25021456200,84408,Starbucks,0.302206104563312
25021456301,41971,Dunkin Donuts,0
25021456301,41971,Starbucks,0
25021456302,51092,Dunkin Donuts,0.193610842207164
25021456302,51092,Starbucks,0
25021456401,84444,Dunkin Donuts,0.357015351660121
25021456401,84444,Starbucks,0
25021456402,102375,Dunkin Donuts,0
25021456402,102375,Starbucks,0
25021457100,78750,Dunkin Donuts,0.678579506898892
25021457100,78750,Starbucks,0
25021457200,125034,Dunkin Donuts,0.174246384387524
25021457200,125034,Starbucks,0
25023500101,84135,Dunkin Donuts,0
25023500101,84135,Starbucks,0
25023500103,70463,Dunkin Donuts,0
25023500103,70463,Starbucks,0
25023500104,73678,Dunkin Donuts,0.481463649494463
25023500104,73678,Starbucks,0
25023501101,88148,Dunkin Donuts,0
25023501101,88148,Starbucks,0
25023501102,102102,Dunkin Donuts,0.119033448399
25023501102,102102,Starbucks,0.119033448399
25023501201,124444,Dunkin Donuts,0
25023501201,124444,Starbucks,0
25023501202,93050,Dunkin Donuts,0.139392249790912
25023501202,93050,Starbucks,0.139392249790912
25023502101,67012,Dunkin Donuts,0.163238654913484
25023502101,67012,Starbucks,0
25023502102,67831,Dunkin Donuts,0.177462289263531
25023502102,67831,Starbucks,0
25023502200,64973,Dunkin Donuts,0.341588385994876
25023502200,64973,Starbucks,0
25023503101,110121,Dunkin Donuts,0.5424464334147
25023503101,110121,Starbucks,0.27122321670735
25023503102,90073,Dunkin Donuts,0.148235991698784
25023503102,90073,Starbucks,0
25023504101,101776,Dunkin Donuts,0.181028240405503
25023504101,101776,Starbucks,0
25023504102,121000,Dunkin Donuts,0.195045835771406
25023504102,121000,Starbucks,0
25023505101,104123,Dunkin Donuts,0
25023505101,104123,Starbucks,0
25023505102,121719,Dunkin Donuts,0
25023505102,121719,Starbucks,0
25023505200,89688,Dunkin Donuts,0.296428042092782
25023505200,89688,Starbucks,0
25023506101,107275,Dunkin Donuts,0
25023506101,107275,Starbucks,0
25023506102,82326,Dunkin Donuts,0.166917042230012
25023506102,82326,Starbucks,0.166917042230012
25023506202,94792,Dunkin Donuts,0
25023506202,94792,Starbucks,0
25023506203,77115,Dunkin Donuts,0.404776361060514
25023506203,77115,Starbucks,0
25023506204,68772,Dunkin Donuts,0
25023506204,68772,Starbucks,0
25023507101,110197,Dunkin Donuts,0
25023507101,110197,Starbucks,0
25023507103,134318,Dunkin Donuts,0.225733634311512
25023507103,134318,Starbucks,0
25023507104,120750,Dunkin Donuts,0
25023507104,120750,Starbucks,0
25023508101,96000,Dunkin Donuts,0.296164667555161
25023508101,96000,Starbucks,0
25023508102,80060,Dunkin Donuts,0
25023508102,80060,Starbucks,0
25023508200,92159,Dunkin Donuts,0.163105529277443
25023508200,92159,Starbucks,0
25023509101,97803,Dunkin Donuts,0.303306035790112
25023509101,97803,Starbucks,0
25023509102,80644,Dunkin Donuts,0.479846449136276
25023509102,80644,Starbucks,0
25023510100,72170,Dunkin Donuts,0
25023510100,72170,Starbucks,0
25023510200,61376,Dunkin Donuts,0.142348754448399
25023510200,61376,Starbucks,0
25023510300,38989,Dunkin Donuts,0.24931438544004
25023510300,38989,Starbucks,0
25023510400,32308,Dunkin Donuts,0
25023510400,32308,Starbucks,0
25023510501,57028,Dunkin Donuts,0.323624595469256
25023510501,57028,Starbucks,0
25023510502,37183,Dunkin Donuts,0
25023510502,37183,Starbucks,0
25023510503,45693,Dunkin Donuts,0.240731824747232
25023510503,45693,Starbucks,0
25023510600,81964,Dunkin Donuts,0
25023510600,81964,Starbucks,0
25023510700,58958,Dunkin Donuts,0.548747027620267
25023510700,58958,Starbucks,0
25023510800,31205,Dunkin Donuts,0
25023510800,31205,Starbucks,0
25023510900,12490,Dunkin Donuts,0.872219799389446
25023510900,12490,Starbucks,0
25023511e3,50588,Dunkin Donuts,0
25023511e3,50588,Starbucks,0
25023511100,69100,Dunkin Donuts,0
25023511100,69100,Starbucks,0
25023511200,39162,Dunkin Donuts,0
25023511200,39162,Starbucks,0
25023511301,51219,Dunkin Donuts,0
25023511301,51219,Starbucks,0
25023511302,69565,Dunkin Donuts,0
25023511302,69565,Starbucks,0
25023511400,41776,Dunkin Donuts,0.246184145741014
25023511400,41776,Starbucks,0
25023511500,43672,Dunkin Donuts,0
25023511500,43672,Starbucks,0
25023511600,36062,Dunkin Donuts,0
25023511600,36062,Starbucks,0
25023511701,74396,Dunkin Donuts,0.223463687150838
25023511701,74396,Starbucks,0
25023511702,68438,Dunkin Donuts,0.650406504065041
25023511702,68438,Starbucks,0.32520325203252
25023520100,86250,Dunkin Donuts,0.152881822351322
25023520100,86250,Starbucks,0.152881822351322
25023520201,63003,Dunkin Donuts,0.26567481402763
25023520201,63003,Starbucks,0
25023520202,91019,Dunkin Donuts,0.173130193905817
25023520202,91019,Starbucks,0
25023521101,84881,Dunkin Donuts,0.228414801279123
25023521101,84881,Starbucks,0
25023521102,74423,Dunkin Donuts,0.294985250737463
25023521102,74423,Starbucks,0
25023521201,57037,Dunkin Donuts,0.3385240352065
25023521201,57037,Starbucks,0
25023521202,84436,Dunkin Donuts,0
25023521202,84436,Starbucks,0
25023522101,93848,Dunkin Donuts,0.210970464135021
25023522101,93848,Starbucks,0
25023522102,93281,Dunkin Donuts,0.358680057388809
25023522102,93281,Starbucks,0
25023523100,76771,Dunkin Donuts,0
25023523100,76771,Starbucks,0
25023523201,98333,Dunkin Donuts,0.334560053529609
25023523201,98333,Starbucks,0
25023523202,90518,Dunkin Donuts,0.12809017548354
25023523202,90518,Starbucks,0
25023524101,102583,Dunkin Donuts,0.662910175671197
25023524101,102583,Starbucks,0
25023524102,71844,Dunkin Donuts,0.252270433905146
25023524102,71844,Starbucks,0
25023525101,75461,Dunkin Donuts,0.606520090978014
25023525101,75461,Starbucks,0
25023525104,103265,Dunkin Donuts,0.162100826714216
25023525104,103265,Starbucks,0
25023525203,70508,Dunkin Donuts,0
25023525203,70508,Starbucks,0
25023525204,120612,Dunkin Donuts,0
25023525204,120612,Starbucks,0
25023525300,NA,Dunkin Donuts,0
25023525300,NA,Starbucks,0
25023526100,69917,Dunkin Donuts,0.131078778345786
25023526100,69917,Starbucks,0
25023530100,54669,Dunkin Donuts,0.786369593709043
25023530100,54669,Starbucks,0.524246395806029
25023530200,49856,Dunkin Donuts,0.266880170803309
25023530200,49856,Starbucks,0
25023530300,51065,Dunkin Donuts,0.508517670989067
25023530300,51065,Starbucks,0
25023530400,90296,Dunkin Donuts,0
25023530400,90296,Starbucks,0
25023530500,53891,Dunkin Donuts,0.361729064930367
25023530500,53891,Starbucks,0
25023530600,80208,Dunkin Donuts,0.153350713080816
25023530600,80208,Starbucks,0.153350713080816
25023530700,89656,Dunkin Donuts,0
25023530700,89656,Starbucks,0
25023530801,86250,Dunkin Donuts,0
25023530801,86250,Starbucks,0
25023530802,85921,Dunkin Donuts,0
25023530802,85921,Starbucks,0
25023530901,91613,Dunkin Donuts,0
25023530901,91613,Starbucks,0
25023530902,101974,Dunkin Donuts,0.218102508178844
25023530902,101974,Starbucks,0
25023540101,65727,Dunkin Donuts,0
25023540101,65727,Starbucks,0
25023540102,94205,Dunkin Donuts,0
25023540102,94205,Starbucks,0
25023540103,109063,Dunkin Donuts,0.237586124970302
25023540103,109063,Starbucks,0
25023541100,94688,Dunkin Donuts,0
25023541100,94688,Starbucks,0
25023542101,100159,Dunkin Donuts,0.132819763580821
25023542101,100159,Starbucks,0
25023542102,76324,Dunkin Donuts,0
25023542102,76324,Starbucks,0
25023542200,76648,Dunkin Donuts,0.162680982593135
25023542200,76648,Starbucks,0
25023542300,60076,Dunkin Donuts,0.269106566200215
25023542300,60076,Starbucks,0
25023543100,94505,Dunkin Donuts,0
25023543100,94505,Starbucks,0
25023544100,90288,Dunkin Donuts,0.177841010136938
25023544100,90288,Starbucks,0
25023544200,64339,Dunkin Donuts,0
25023544200,64339,Starbucks,0
25023545100,71205,Dunkin Donuts,0.41539739684298
25023545100,71205,Starbucks,0.13846579894766
25023545200,59375,Dunkin Donuts,0.351246926589392
25023545200,59375,Starbucks,0
25023545300,55383,Dunkin Donuts,0
25023545300,55383,Starbucks,0
25023545400,60000,Dunkin Donuts,0.182381907714755
25023545400,60000,Starbucks,0
25023560100,78216,Dunkin Donuts,0.162919517758227
25023560100,78216,Starbucks,0
25023561100,76607,Dunkin Donuts,0.202634245187437
25023561100,76607,Starbucks,0
25023561200,42981,Dunkin Donuts,0.734214390602056
25023561200,42981,Starbucks,0
25025000100,53015,Dunkin Donuts,0.306372549019608
25025000100,53015,Starbucks,0.306372549019608
25025000201,65446,Dunkin Donuts,0
25025000201,65446,Starbucks,0
25025000202,52083,Dunkin Donuts,0
25025000202,52083,Starbucks,0
25025000301,78250,Dunkin Donuts,0
25025000301,78250,Starbucks,0
25025000302,70362,Dunkin Donuts,0.374111485222596
25025000302,70362,Starbucks,0
25025000401,37819,Dunkin Donuts,0
25025000401,37819,Starbucks,0
25025000402,54186,Dunkin Donuts,0
25025000402,54186,Starbucks,0
25025000502,36667,Dunkin Donuts,0.17905102954342
25025000502,36667,Starbucks,0.17905102954342
25025000503,44167,Dunkin Donuts,0
25025000503,44167,Starbucks,0
25025000504,35962,Dunkin Donuts,0
25025000504,35962,Starbucks,0
25025000601,53796,Dunkin Donuts,0.629128656810318
25025000601,53796,Starbucks,0
25025000602,26165,Dunkin Donuts,0
25025000602,26165,Starbucks,0
25025000701,40565,Dunkin Donuts,0
25025000701,40565,Starbucks,0
25025000703,21219,Dunkin Donuts,0
25025000703,21219,Starbucks,0
25025000704,49417,Dunkin Donuts,0
25025000704,49417,Starbucks,0
25025000802,31198,Dunkin Donuts,0.138274336283186
25025000802,31198,Starbucks,0
25025000803,31683,Dunkin Donuts,0
25025000803,31683,Starbucks,0
25025010103,28690,Dunkin Donuts,0
25025010103,28690,Starbucks,0.269978401727862
25025010104,47204,Dunkin Donuts,0
25025010104,47204,Starbucks,0
25025010203,32228,Dunkin Donuts,0
25025010203,32228,Starbucks,0
25025010204,29821,Dunkin Donuts,0
25025010204,29821,Starbucks,0
25025010300,33359,Dunkin Donuts,0.192233756247597
25025010300,33359,Starbucks,0.576701268742791
25025010403,17009,Dunkin Donuts,0
25025010403,17009,Starbucks,0
25025010404,20172,Dunkin Donuts,0
25025010404,20172,Starbucks,0
25025010405,13488,Dunkin Donuts,0.171998624011008
25025010405,13488,Starbucks,0.171998624011008
25025010408,65000,Dunkin Donuts,0
25025010408,65000,Starbucks,0
25025010500,40771,Dunkin Donuts,0
25025010500,40771,Starbucks,0
25025010600,85726,Dunkin Donuts,0
25025010600,85726,Starbucks,0
25025010701,99307,Dunkin Donuts,0
25025010701,99307,Starbucks,0
25025010702,111923,Dunkin Donuts,0
25025010702,111923,Starbucks,0.82203041512536
25025010801,125417,Dunkin Donuts,0
25025010801,125417,Starbucks,0
25025010802,102773,Dunkin Donuts,0
25025010802,102773,Starbucks,0
25025020101,99456,Dunkin Donuts,0
25025020101,99456,Starbucks,0.727978645959719
25025020200,75197,Dunkin Donuts,0
25025020200,75197,Starbucks,0.255885363357216
25025020301,106630,Dunkin Donuts,0
25025020301,106630,Starbucks,0
25025020302,81680,Dunkin Donuts,0.936329588014981
25025020302,81680,Starbucks,0
25025020303,85119,Dunkin Donuts,0.286779466590192
25025020303,85119,Starbucks,0
25025030100,68350,Dunkin Donuts,0
25025030100,68350,Starbucks,0
25025030200,72554,Dunkin Donuts,0
25025030200,72554,Starbucks,0
25025030300,100278,Dunkin Donuts,1.284168042561
25025030300,100278,Starbucks,1.65107319757843
25025030400,67367,Dunkin Donuts,0
25025030400,67367,Starbucks,0
25025030500,103250,Dunkin Donuts,0
25025030500,103250,Starbucks,0
25025040100,124622,Dunkin Donuts,0
25025040100,124622,Starbucks,0
25025040200,47527,Dunkin Donuts,0
25025040200,47527,Starbucks,0
25025040300,116830,Dunkin Donuts,0
25025040300,116830,Starbucks,0
25025040401,57569,Dunkin Donuts,0.398089171974522
25025040401,57569,Starbucks,0.398089171974522
25025040600,136875,Dunkin Donuts,0.348432055749129
25025040600,136875,Starbucks,0
25025040801,54159,Dunkin Donuts,0.239808153477218
25025040801,54159,Starbucks,0
25025050101,42763,Dunkin Donuts,0
25025050101,42763,Starbucks,0
25025050200,52448,Dunkin Donuts,0.182748538011696
25025050200,52448,Starbucks,0
25025050300,15054,Dunkin Donuts,0
25025050300,15054,Starbucks,0
25025050400,53065,Dunkin Donuts,0.399201596806387
25025050400,53065,Starbucks,0
25025050500,47869,Dunkin Donuts,0
25025050500,47869,Starbucks,0
25025050600,46429,Dunkin Donuts,0
25025050600,46429,Starbucks,0
25025050700,55125,Dunkin Donuts,0
25025050700,55125,Starbucks,0
25025050901,62570,Dunkin Donuts,0
25025050901,62570,Starbucks,0
25025051e3,52170,Dunkin Donuts,0
25025051e3,52170,Starbucks,0.214822771213749
25025051101,47813,Dunkin Donuts,0.156592546194801
25025051101,47813,Starbucks,0
25025051200,61016,Dunkin Donuts,0
25025051200,61016,Starbucks,0
25025060101,94526,Dunkin Donuts,0
25025060101,94526,Starbucks,0
25025060200,97305,Dunkin Donuts,0
25025060200,97305,Starbucks,0
25025060301,83015,Dunkin Donuts,0
25025060301,83015,Starbucks,0
25025060400,95085,Dunkin Donuts,0
25025060400,95085,Starbucks,0
25025060501,99563,Dunkin Donuts,0.262743037309511
25025060501,99563,Starbucks,0
25025060600,110109,Dunkin Donuts,1.18203309692671
25025060600,110109,Starbucks,0.788022064617809
25025060700,16964,Dunkin Donuts,0
25025060700,16964,Starbucks,0
25025060800,90761,Dunkin Donuts,0
25025060800,90761,Starbucks,0
25025061e3,27292,Dunkin Donuts,0
25025061e3,27292,Starbucks,0
25025061101,16710,Dunkin Donuts,0
25025061101,16710,Starbucks,0
25025061200,82244,Dunkin Donuts,0.578536303153023
25025061200,82244,Starbucks,0
25025070101,90268,Dunkin Donuts,1.6366612111293
25025070101,90268,Starbucks,1.6366612111293
25025070200,19532,Dunkin Donuts,0.549450549450549
25025070200,19532,Starbucks,0.183150183150183
25025070300,122540,Dunkin Donuts,0
25025070300,122540,Starbucks,0
25025070402,13693,Dunkin Donuts,0
25025070402,13693,Starbucks,0
25025070500,97500,Dunkin Donuts,0
25025070500,97500,Starbucks,0
25025070600,105391,Dunkin Donuts,0
25025070600,105391,Starbucks,0
25025070700,76765,Dunkin Donuts,0
25025070700,76765,Starbucks,0
25025070800,96155,Dunkin Donuts,0
25025070800,96155,Starbucks,0
25025070900,71000,Dunkin Donuts,0.31201248049922
25025070900,71000,Starbucks,0
25025071101,42551,Dunkin Donuts,0.497017892644135
25025071101,42551,Starbucks,0.248508946322068
25025071201,44239,Dunkin Donuts,0
25025071201,44239,Starbucks,0
25025080100,27318,Dunkin Donuts,0.349162011173184
25025080100,27318,Starbucks,0
25025080300,22332,Dunkin Donuts,0
25025080300,22332,Starbucks,0
25025080401,19034,Dunkin Donuts,0
25025080401,19034,Starbucks,0
25025080500,19311,Dunkin Donuts,0
25025080500,19311,Starbucks,0
25025080601,16832,Dunkin Donuts,0.483325277912035
25025080601,16832,Starbucks,0.241662638956017
25025080801,24903,Dunkin Donuts,0.500250125062531
25025080801,24903,Starbucks,0
25025080900,51583,Dunkin Donuts,0.266666666666667
25025080900,51583,Starbucks,0
25025081001,22170,Dunkin Donuts,0.213492741246798
25025081001,22170,Starbucks,0.213492741246798
25025081100,53497,Dunkin Donuts,0
25025081100,53497,Starbucks,0
25025081200,20741,Dunkin Donuts,0.283446712018141
25025081200,20741,Starbucks,0
25025081300,21634,Dunkin Donuts,0.179597701149425
25025081300,21634,Starbucks,0
25025081400,43688,Dunkin Donuts,0
25025081400,43688,Starbucks,0
25025081500,32524,Dunkin Donuts,0
25025081500,32524,Starbucks,0
25025081700,27787,Dunkin Donuts,0
25025081700,27787,Starbucks,0
25025081800,25852,Dunkin Donuts,0
25025081800,25852,Starbucks,0
25025081900,30985,Dunkin Donuts,0
25025081900,30985,Starbucks,0
25025082e3,26276,Dunkin Donuts,0
25025082e3,26276,Starbucks,0
25025082100,16599,Dunkin Donuts,0
25025082100,16599,Starbucks,0
25025090100,31778,Dunkin Donuts,0
25025090100,31778,Starbucks,0
25025090200,23067,Dunkin Donuts,0.395882818685669
25025090200,23067,Starbucks,0
25025090300,24271,Dunkin Donuts,0
25025090300,24271,Starbucks,0
25025090400,35125,Dunkin Donuts,0
25025090400,35125,Starbucks,0
25025090600,40250,Dunkin Donuts,0
25025090600,40250,Starbucks,0
25025090700,51667,Dunkin Donuts,0.659775676270068
25025090700,51667,Starbucks,0.219925225423356
25025090901,24726,Dunkin Donuts,0
25025090901,24726,Starbucks,0
25025091001,66250,Dunkin Donuts,0.319081046585833
25025091001,66250,Starbucks,0
25025091100,61506,Dunkin Donuts,0
25025091100,61506,Starbucks,0
25025091200,70798,Dunkin Donuts,0
25025091200,70798,Starbucks,0
25025091300,34922,Dunkin Donuts,0
25025091300,34922,Starbucks,0
25025091400,33242,Dunkin Donuts,0
25025091400,33242,Starbucks,0
25025091500,44536,Dunkin Donuts,0
25025091500,44536,Starbucks,0
25025091600,38342,Dunkin Donuts,0
25025091600,38342,Starbucks,0
25025091700,47571,Dunkin Donuts,0
25025091700,47571,Starbucks,0
25025091800,40000,Dunkin Donuts,0
25025091800,40000,Starbucks,0
25025091900,39464,Dunkin Donuts,0
25025091900,39464,Starbucks,0
25025092e3,44028,Dunkin Donuts,0
25025092e3,44028,Starbucks,0
25025092101,50690,Dunkin Donuts,0.148500148500149
25025092101,50690,Starbucks,0
25025092200,66198,Dunkin Donuts,0
25025092200,66198,Starbucks,0
25025092300,36917,Dunkin Donuts,0
25025092300,36917,Starbucks,0
25025092400,30360,Dunkin Donuts,0
25025092400,30360,Starbucks,0
25025100100,28671,Dunkin Donuts,0
25025100100,28671,Starbucks,0
25025100200,36762,Dunkin Donuts,0
25025100200,36762,Starbucks,0
25025100300,48320,Dunkin Donuts,0
25025100300,48320,Starbucks,0
25025100400,52485,Dunkin Donuts,0.208203206329377
25025100400,52485,Starbucks,0
25025100500,49510,Dunkin Donuts,0
25025100500,49510,Starbucks,0
25025100601,58426,Dunkin Donuts,0
25025100601,58426,Starbucks,0
25025100603,76553,Dunkin Donuts,0.978952520802741
25025100603,76553,Starbucks,0
25025100700,71367,Dunkin Donuts,0.223763705526964
25025100700,71367,Starbucks,0
25025100800,65762,Dunkin Donuts,0.313479623824451
25025100800,65762,Starbucks,0
25025100900,53517,Dunkin Donuts,0
25025100900,53517,Starbucks,0
25025101001,46733,Dunkin Donuts,0
25025101001,46733,Starbucks,0
25025101002,27715,Dunkin Donuts,0.208289939595918
25025101002,27715,Starbucks,0
25025101101,59277,Dunkin Donuts,0
25025101101,59277,Starbucks,0
25025101102,36000,Dunkin Donuts,0
25025101102,36000,Starbucks,0
25025110103,68429,Dunkin Donuts,0.160590974787217
25025110103,68429,Starbucks,0
25025110201,46341,Dunkin Donuts,0
25025110201,46341,Starbucks,0
25025110301,74469,Dunkin Donuts,0.394944707740916
25025110301,74469,Starbucks,0
25025110401,60095,Dunkin Donuts,0
25025110401,60095,Starbucks,0
25025110403,67031,Dunkin Donuts,0
25025110403,67031,Starbucks,0
25025110501,84020,Dunkin Donuts,0
25025110501,84020,Starbucks,0
25025110502,77083,Dunkin Donuts,0
25025110502,77083,Starbucks,0
25025110601,95556,Dunkin Donuts,0
25025110601,95556,Starbucks,0
25025110607,81076,Dunkin Donuts,0.189071658158442
25025110607,81076,Starbucks,0
25025120103,129875,Dunkin Donuts,0.668449197860963
25025120103,129875,Starbucks,0.668449197860963
25025120104,71477,Dunkin Donuts,0
25025120104,71477,Starbucks,0
25025120105,155417,Dunkin Donuts,0
25025120105,155417,Starbucks,0
25025120201,54513,Dunkin Donuts,0
25025120201,54513,Starbucks,0
25025120301,76375,Dunkin Donuts,0
25025120301,76375,Starbucks,0
25025120400,80513,Dunkin Donuts,0.156543519098309
25025120400,80513,Starbucks,0
25025120500,65712,Dunkin Donuts,0
25025120500,65712,Starbucks,0
25025120600,100599,Dunkin Donuts,0
25025120600,100599,Starbucks,0
25025120700,82321,Dunkin Donuts,0
25025120700,82321,Starbucks,0
25025130100,80923,Dunkin Donuts,0
25025130100,80923,Starbucks,0
25025130200,103476,Dunkin Donuts,0.198059021588433
25025130200,103476,Starbucks,0.198059021588433
25025130300,112262,Dunkin Donuts,0
25025130300,112262,Starbucks,0
25025130402,71875,Dunkin Donuts,0.587084148727984
25025130402,71875,Starbucks,0
25025130404,72564,Dunkin Donuts,0.30229746070133
25025130404,72564,Starbucks,0
25025130406,40968,Dunkin Donuts,0
25025130406,40968,Starbucks,0
25025140102,63607,Dunkin Donuts,0
25025140102,63607,Starbucks,0
25025140105,65375,Dunkin Donuts,0.24443901246639
25025140105,65375,Starbucks,0
25025140106,30625,Dunkin Donuts,0.547645125958379
25025140106,30625,Starbucks,0
25025140107,63621,Dunkin Donuts,0
25025140107,63621,Starbucks,0
25025140201,76976,Dunkin Donuts,0.413223140495868
25025140201,76976,Starbucks,0
25025140202,71570,Dunkin Donuts,0
25025140202,71570,Starbucks,0
25025140300,50703,Dunkin Donuts,0.157654106889484
25025140300,50703,Starbucks,0
25025140400,58690,Dunkin Donuts,0
25025140400,58690,Starbucks,0
25025160101,53485,Dunkin Donuts,0
25025160101,53485,Starbucks,0
25025160200,52268,Dunkin Donuts,0
25025160200,52268,Starbucks,0
25025160300,61124,Dunkin Donuts,0
25025160300,61124,Starbucks,0
25025160400,38429,Dunkin Donuts,1.7618040873854801
25025160400,38429,Starbucks,0.352360817477097
25025160501,35308,Dunkin Donuts,0
25025160501,35308,Starbucks,0
25025160502,57344,Dunkin Donuts,0.43878894251864897
25025160502,57344,Starbucks,0
25025160601,48324,Dunkin Donuts,0
25025160601,48324,Starbucks,0
25025160602,50829,Dunkin Donuts,0.223164472216023
25025160602,50829,Starbucks,0
25025170100,51075,Dunkin Donuts,0
25025170100,51075,Starbucks,0
25025170200,48892,Dunkin Donuts,0
25025170200,48892,Starbucks,0
25025170300,58945,Dunkin Donuts,0.329815303430079
25025170300,58945,Starbucks,0
25025170400,47642,Dunkin Donuts,0.363834818992178
25025170400,47642,Starbucks,0
25025170501,47604,Dunkin Donuts,0.280112044817927
25025170501,47604,Starbucks,0
25025170502,55217,Dunkin Donuts,0.326690623979092
25025170502,55217,Starbucks,0
25025170601,56136,Dunkin Donuts,0.344530577088717
25025170601,56136,Starbucks,0
25025170701,41023,Dunkin Donuts,0.472813238770686
25025170701,41023,Starbucks,0
25025170702,42500,Dunkin Donuts,0.312695434646654
25025170702,42500,Starbucks,0
25025170800,50139,Dunkin Donuts,0
25025170800,50139,Starbucks,0
25025180101,58620,Dunkin Donuts,0.205803663305207
25025180101,58620,Starbucks,0
25025180200,60081,Dunkin Donuts,0.253292806484296
25025180200,60081,Starbucks,0
25025180301,91625,Dunkin Donuts,0
25025180301,91625,Starbucks,0
25025180400,82361,Dunkin Donuts,0
25025180400,82361,Starbucks,0
25025180500,60645,Dunkin Donuts,0
25025180500,60645,Starbucks,0
